운영기관,충전소,충전소별 충전기연번,충전기타입,지역,시군구,주소,이용가능시간,이용자 제한,비고,GCS,POLYGON
대구환경공단,DTC섬유박물관,1,DC차데모+AC3상+DC콤보,대구광역시 ,동구 ,"대구광역시 동구 팔공로 227, 지하1층(동구 봉무동 1560-1)",24시간,,,"('35.9190995021191', '128.6402949676')","(1103064.2139810747, 1769717.1751822936)"
대구환경공단,가창면행정복지센터,1,AC완속,대구광역시 ,달성군 ,대구광역시 달성군 가창면 가창로 1100가창면행정복지센터(82 가창면사무소),24시간 이용가능,시설 상황에 따라 이용이 제한될 수 있음,,"('35.8027087441067', '128.622833173824')","(1101494.3855001722, 1756705.3347230412)"
대구환경공단,감삼동행정복지센터,1,AC완속,대구광역시 ,달서구 ,대구광역시 달서구 감삼북길 119-10감삼동행정복지센터(136-2 감삼동행정복지센터),24시간 이용가능,시설 상황에 따라 이용이 제한될 수 있음,,"('35.8510236745052', '128.542177153545')","(1094243.3482118782, 1762106.6756617965)"
대구환경공단,갓바위공영2주차장,1,AC완속,대구광역시 ,동구 ,대구광역시 동구 갓바위로 227(동구 진인동 123-74),24시간,,,"('35.9708545410276', '128.726184209748')","(1110785.721877498, 1775503.1011504708)"
대구환경공단,갓바위공영5주차장,1,DC차데모+AC3상+DC콤보,대구광역시 ,동구 ,대구광역시 동구 진인동 ,24시간,,,"('35.9523024955821', '128.715733379502')","(1109846.1843259907, 1773429.0854841764)"
대구환경공단,검단동행정복지센터,1,AC완속,대구광역시 ,북구 ,대구광역시 북구 검단로41길 12검단동행정복지센터(검단동 행정복지센터),24시간 이용가능,시설 상황에 따라 이용이 제한될 수 있음,,"('35.9134685704033', '128.627220864301')","(1101888.8421960033, 1769087.6682835147)"
대구환경공단,고산2동행정복지센터,1,AC완속,대구광역시 ,수성구 ,대구광역시 수성구 달구벌대로 3091고산2동행정복지센터(고산2동 행정복지센터),24시간 이용가능,시설 상황에 따라 이용이 제한될 수 있음,,"('35.8434747607032', '128.695183787551')","(1107998.7604513618, 1761262.7490158184)"
대구환경공단,고산3동행정복지센터,1,AC완속,대구광역시 ,수성구 ,대구광역시 수성구 고산로 152고산3동행정복지센터(고산3동 행정복지센터),24시간 이용가능,시설 상황에 따라 이용이 제한될 수 있음,,"('35.8441353826711', '128.70657672441')","(1109022.9941006552, 1761336.6028835732)"
대구환경공단,관음공영주차장,1,DC차데모+AC3상+DC콤보,대구광역시 ,북구 ,대구광역시 북구 관음중앙로 80(입구 좌측)(북구 관음동 448-1 (입구 좌측)),24시간 이용가능,,"충전 1시간 무료, 주차요금 60%감면","('35.9410475899648', '128.544691894686')","(1094469.4253443815, 1772170.8495316221)"
대구환경공단,관음동행정복지센터,1,AC완속,대구광역시 ,북구 ,대구광역시 북구 관음동로 125관음동행정복지센터(관음동 행정복지센터),24시간 이용가능,시설 상황에 따라 이용이 제한될 수 있음,,"('35.9442530628034', '128.547326727524')","(1094706.298811367, 1772529.2035958495)"
대구환경공단,구암동 행정복지센터,1,DC차데모+AC3상+DC콤보,대구광역시 ,북구 ,대구광역시 북구 구암서로32 (건물 앞),24시간 이용가능,,,"('35.9389322230801', '128.566040609626')","(1096388.690980741, 1771934.3632599749)"
대구환경공단,국채보상운동기념공원주차장,1,AC완속,대구광역시 ,중구 ,대구광역시 중구 동인동2가 ,24시간,,,"('35.8687028970171', '128.604444119773')","(1099841.1956185119, 1764083.1145706656)"
대구환경공단,남산4동행정복지센터,1,AC완속,대구광역시 ,중구 ,대구광역시 중구 남산로1길 42남산4동행정복지센터(2508-1 남산4동주민센터),24시간 이용가능,시설 상황에 따라 이용이 제한될 수 있음,,"('35.8582240574125', '128.580571732355')","(1097695.049915689, 1762911.6384890454)"
대구환경공단,내당23동행정복지센터,1,AC완속,대구광역시 ,서구 ,"대구광역시 서구 큰장로15길 11-1내당23동행정복지센터(1008-1 내당2,3동주민센터)",24시간 이용가능,시설 상황에 따라 이용이 제한될 수 있음,,"('35.8672752789082', '128.57453241687')","(1097152.1108811817, 1763923.5147932696)"
대구환경공단,논공읍 논공공단출장소,1,DC차데모+AC3상+DC콤보,대구광역시 ,달성군 ,대구광역시 달성군 논공읍 논공중앙로 33길 3(논공읍 북리 1-130),24시간,,,"('35.7300377228472', '128.452781989995')","(1086206.6553270589, 1748581.1180688385)"
대구환경공단,논공읍행정복지센터,1,AC완속,대구광역시 ,달성군 ,"대구광역시 달성군 논공읍 비슬로 1779논공읍행정복지센터(1998 논공읍사무소,금포119지역대)",24시간 이용가능,시설 상황에 따라 이용이 제한될 수 있음,,"('35.7742727689388', '128.420332954017')","(1083289.4624252548, 1753526.3505965816)"
대구환경공단,농수산물도매시장,1,DC차데모+AC3상+DC콤보,대구광역시 ,북구 ,대구광역시 북구 매천로18길 34(북구 매천동 527-3),24시간,,,"('35.9008626491118', '128.543249395529')","(1094339.7435780407, 1767678.3962804107)"
대구환경공단,다사읍 사무소,1,DC차데모+AC3상+DC콤보,대구광역시 ,달성군 ,대구광역시 달성군 다사읍 매곡로 7 (입구 좌측)(다사읍 매곡리 885-1 (입구 좌측)),24시간 이용가능,, ,"('35.862023137413', '128.454203630907')","(1086334.4619213804, 1763336.3545378328)"
대구환경공단,다사읍행정복지센터(완속)-서재출장소,1,AC완속,대구광역시 ,달성군 ,대구광역시 달성군 다사읍 서재본길 25다사읍행정복지센터(서재)(다사읍사무소 서재출장소),24시간 이용가능,시설 상황에 따라 이용이 제한될 수 있음,,"('35.8722266217585', '128.494261391651')","(1089935.6849402655, 1764477.0474304594)"
대구환경공단,다사체육공원 주차장,1,DC차데모+AC3상+DC콤보,대구광역시 ,달성군 ,대구광역시 달성군 다사읍 이천리30-1 (입구 진입후 주차장 11시방향 끝부분),24시간 이용가능,,,"('35.8902787501083', '128.477173275022')","(1088399.4503177917, 1766495.1751413601)"
대구환경공단,달서구청,1,DC차데모+AC3상+DC콤보,대구광역시 ,달서구 ,대구광역시 달서구 학산로 45(달서구 월성동 281),24시간,,,"('35.8299155224738', '128.532835550073')","(1093403.5309871556, 1759746.9014725692)"
대구환경공단,달성군 농업기술센터,1,DC차데모+AC3상+DC콤보,대구광역시 ,달성군 ,대구광역시 달성군 옥포면 비슬로 2040 (입구 우측)(옥포면 교항리 2521-7 (입구 우측)),24시간 이용가능,, ,"('35.7827040142468', '128.446719017204')","(1085661.5894828308, 1754468.917005581)"
대구환경공단,달성군청,1,DC차데모+AC3상+DC콤보,대구광역시 ,달성군 ,대구광역시 달성군 논공읍 달성군청로 33(논공읍 금포리 1313),24시간,,,"('35.7746631676172', '128.431389741374')","(1084283.475979817, 1753569.9950010478)"
대구환경공단,달성문화센터,1,DC차데모+AC3상+DC콤보,대구광역시 ,달성군 ,대구광역시 달성군 다사읍 대실역북로2길 188주차장 입구 좌측,24시간 이용가능,,,"('35.8654751138832', '128.460955489532')","(1086941.459123647, 1763722.2663393058)"
대구환경공단,대구 부광교회,1,DC차데모+AC3상+DC콤보,대구광역시 ,북구 ,대구광역시 북구 칠곡중앙대로52길38(입구좌측)(북구 태전동 608-12(입구좌측)),24시간 이용가능,,,"('35.9218493192294', '128.549592767296')","(1094910.0175025032, 1770024.5894662312)"
대구환경공단,대구과학관,1,DC차데모+AC3상+DC콤보,대구광역시 ,달성군 ,대구광역시 달성군 유가면 테크노대로6길20(유가면 상리 588),24시간,,,"('35.6866551363345', '128.465761685912')","(1087373.5398170126, 1743731.1857885383)"
대구환경공단,대구도시철도공사,1,DC차데모+AC3상+DC콤보,대구광역시 ,달서구 ,대구광역시 달서구 월배로 250(달서구 상인1동 1500),24시간,,,"('35.8191037837425', '128.540433721778')","(1094086.61237606, 1758538.2091170833)"
대구환경공단,대구사격장,1,DC차데모+AC3상+DC콤보,대구광역시 ,북구 ,대구광역시 북구 문주길 170대구사격장(40 대구사격장),24시간 이용가능,시설 상황에 따라 이용이 제한될 수 있음,,"('35.911306181603', '128.524326610589')","(1092638.5708853677, 1768845.9252228036)"
대구환경공단,대구시(대구 달성군)옥포읍 행정복지센터,1,DC차데모+AC3상+DC콤보,대구광역시 ,달성군 ,대구광역시 달성군 옥포읍 비슬로 2215,24시간 이용가능,,,"('35.7892426906959', '128.464009760247')","(1087216.0403733328, 1755199.9047250815)"
대구환경공단,대구시_ 중구청,1,DC차데모+AC3상+DC콤보,대구광역시 ,중구 ,대구광역시 중구 국채보상로139길 1,24시간 이용가능,,,"('35.8693256621114', '128.60615767581')","(1099995.2456035833, 1764152.7362501614)"
대구환경공단,대구시_(달성군)하빈면 사무소,1,DC차데모+AC3상+DC콤보,대구광역시 ,달성군 ,대구광역시 달성군 하빈면 하빈로84길 1,24시간 이용가능,,,"('35.9009218891755', '128.445516802363')","(1085553.5094584187, 1767685.0189905881)"
대구환경공단,대구시_(대구 달서구)본리동 행정복지센터,1,DC차데모+AC3상+DC콤보,대구광역시 ,달서구 ,대구광역시 달서구 당산로 37-14,24시간 이용가능,,,"('35.8410144733795', '128.543166680428')","(1094332.3074278363, 1760987.7025543416)"
대구환경공단,대구시_(대구 달서구)죽전동 행정복지센터,1,DC차데모+AC3상+DC콤보,대구광역시 ,달서구 ,대구광역시 달서구 와룡로54길 28,24시간 이용가능,,,"('35.8298871998368', '128.532774031817')","(1093398.0004493662, 1759743.7351590204)"
대구환경공단,대구시_(대구 달성군)유가읍 행정복지센터,1,DC차데모+AC3상+DC콤보,대구광역시 ,달성군 ,대구광역시 달성군 유가읍 테크노상업로 95,24시간 이용가능,,,"('35.6938868535188', '128.459817158485')","(1086839.1223006835, 1744539.6516139647)"
대구환경공단,대구시_(대구 동구)동촌동 행정복지센터,1,DC차데모+AC3상+DC콤보,대구광역시 ,동구 ,대구광역시 동구 동촌로11길 5,24시간 이용가능,,,"('35.8899364548868', '128.649634688622')","(1103903.8619721178, 1766456.9084362695)"
대구환경공단,대구시_(대구 동구)방촌동 행정복지센터,1,DC차데모+AC3상+DC콤보,대구광역시 ,동구 ,대구광역시 동구 동촌로48길 26,24시간 이용가능,,,"('35.8800355512844', '128.665256784708')","(1105308.3002378414, 1765350.0423905726)"
대구환경공단,대구시_(대구 동구)신암2동 행정복지센터,1,DC차데모+AC3상+DC콤보,대구광역시 ,동구 ,대구광역시 동구 신성로 56,24시간 이용가능,,,"('35.8799795646859', '128.612701226296')","(1100583.515746439, 1765343.7833997384)"
대구환경공단,대구시_(대구 동구)안심1동 행정복지센터,1,DC차데모+AC3상+DC콤보,대구광역시 ,동구 ,대구광역시 동구 율하동로25길 5,24시간 이용가능,,,"('35.8704307543611', '128.701630477925')","(1108578.3227968158, 1764276.2794273985)"
대구환경공단,대구시_(대구 동구)안심34동 행정복지센터,1,DC차데모+AC3상+DC콤보,대구광역시 ,동구 ,대구광역시 동구 안심로49길 98,24시간 이용가능,,,"('35.8705291225409', '128.710830188955')","(1109405.3837835747, 1764287.276443688)"
대구환경공단,대구시_(대구 동구)효목1동 행정복지센터,1,DC차데모+AC3상+DC콤보,대구광역시 ,동구 ,대구광역시 동구 화랑로41길 46,24시간 이용가능,,,"('35.881627126128', '128.644936246785')","(1103481.4684937492, 1765527.9716205008)"
대구환경공단,대구시_(대구 북구)고성동 행정복지센터,1,DC차데모+AC3상+DC콤보,대구광역시 ,북구 ,대구광역시 북구 고성로31길 21,24시간 이용가능,,,"('35.881845842692', '128.583507567164')","(1097958.9836877577, 1765552.4229178817)"
대구환경공단,대구시_(대구 북구)동천동 행정복지센터,1,DC차데모+AC3상+DC콤보,대구광역시 ,북구 ,대구광역시 북구 대천로 81,24시간 이용가능,,,"('35.9373274954154', '128.558181299164')","(1095682.1330198725, 1771754.9636176822)"
대구환경공단,대구시_(대구 북구)무태조야동 행정복지센터,1,DC차데모+AC3상+DC콤보,대구광역시 ,북구 ,대구광역시 북구 호국로43길 20,24시간 이용가능,,,"('35.9213530509259', '128.597046062394')","(1099176.1046590218, 1769969.109425544)"
대구환경공단,대구시_(대구 북구)산격3동 행정복지센터,1,DC차데모+AC3상+DC콤보,대구광역시 ,북구 ,대구광역시 북구 대학로15길 16,24시간 이용가능,,,"('35.8935255270162', '128.608310094801')","(1100188.7497004839, 1766858.1467711856)"
대구환경공단,대구시_(대구 북구)태전1동 행정복지센터,1,DC차데모+AC3상+DC콤보,대구광역시 ,북구 ,대구광역시 북구 태전로7길 10-24,24시간 이용가능,,,"('35.9241286969033', '128.543400505709')","(1094353.3284976303, 1770279.411233403)"
대구환경공단,대구시_(대구 수성구)황금1동 행정복지센터,1,DC차데모+AC3상+DC콤보,대구광역시 ,수성구 ,대구광역시 수성구 청호로57길 10,24시간 이용가능,,,"('35.8439806780898', '128.638144029602')","(1102870.843026564, 1761319.307770417)"
대구환경공단,대구시_(대구 중구)남산3동 행정복지센터,1,DC차데모+AC3상+DC콤보,대구광역시 ,중구 ,대구광역시 중구 남산로4길 70,24시간 이용가능,,,"('35.8599104438276', '128.585557849668')","(1098143.30563715, 1763100.1671262041)"
대구환경공단,대구시_KS택시주식회사,1,DC차데모+AC3상+DC콤보,대구광역시 ,수성구 ,대구광역시 수성구 희망로 226KS택시주식회사,24시간 이용가능,,,"('35.8461198407918', '128.623417159995')","(1101546.8862990844, 1761558.4542823064)"
대구환경공단,대구시_남구청,1,DC차데모+AC3상+DC콤보,대구광역시 ,남구 ,대구광역시 남구 이천로 51,24시간 이용가능,,,"('35.8457998102819', '128.597294920731')","(1099198.4772119294, 1761522.676648343)"
대구환경공단,대구시_남산2동 행정복지센터,1,DC차데모+AC3상+DC콤보,대구광역시 ,중구 ,대구광역시 중구 명륜로 27-1남산2동 행정복지센터,24시간 이용가능,,,"('35.8640887307063', '128.589564075687')","(1098503.4683894, 1763567.2763983407)"
대구환경공단,대구시_내당4동,1,DC차데모+AC3상+DC콤보,대구광역시 ,서구 ,대구광역시 서구 서대구로3길 46대구시_내당4동,09:00~18:00,,,"('35.8590204613206', '128.551843290608')","(1095112.3412521381, 1763000.672023754)"
대구환경공단,대구시_대구 지식산업센터,1,DC차데모+AC3상+DC콤보,대구광역시 ,북구 ,대구광역시 북구 오봉로 164대구 지식산업센터,24시간 이용가능,,,"('35.9024044403005', '128.579433538538')","(1097592.725429808, 1767850.759974156)"
대구환경공단,대구시_대구광역시 차량등록사업소,1,DC차데모+AC3상+DC콤보,대구광역시 ,수성구 ,대구광역시 수성구 동원로 84,24시간 이용가능,,,"('35.8666313196369', '128.63975070279')","(1103015.2841625889, 1763851.5237224705)"
대구환경공단,대구시_대구시청,1,DC차데모+AC3상+DC콤보,대구광역시 ,중구 ,대구광역시 중구 공평로 88대구시청 지하주차장 내,09:00~18:00,,,"('35.8715530700224', '128.601220069308')","(1099551.3510407575, 1764401.748086415)"
대구환경공단,대구시_대구유통단지 전자관,1,DC차데모+AC3상+DC콤보,대구광역시 ,북구 ,대구광역시 북구 유통단지로 45대구유통단지 전자관,24시간 이용가능,,,"('35.907203155191', '128.60701866943')","(1100072.6495818847, 1768387.2296529422)"
대구환경공단,대구시_대구은행 3공단영업부지점,1,DC차데모+AC3상+DC콤보,대구광역시 ,북구 ,대구광역시 북구 노원동로 2,24시간 이용가능,,,"('35.8944083247753', '128.571530110005')","(1096882.2012209517, 1766956.8386587144)"
대구환경공단,대구시_대구은행 본점,1,DC차데모+AC3상+DC콤보,대구광역시 ,수성구 ,대구광역시 수성구 달구벌대로 2310대구은행 본점 지상주차장,09:00~18:00,,,"('35.8593142668444', '128.614946855347')","(1100785.399498305, 1763033.5178498924)"
대구환경공단,대구시_대구은행 신암동지점,1,DC차데모+AC3상+DC콤보,대구광역시 ,동구 ,대구광역시 동구 아양로 2,24시간 이용가능,,,"('35.8809941135991', '128.614622467385')","(1100756.2367749254, 1765457.2043347177)"
대구환경공단,대구시_대구은행 월배지점,1,DC차데모+AC3상+DC콤보,대구광역시 ,달서구 ,대구광역시 달서구 월배로 109,24시간 이용가능,,,"('35.814787819819', '128.526254526443')","(1092811.8919802825, 1758055.7083158218)"
대구환경공단,대구시_대구테크노파크 신기술산업지원센터,1,DC차데모+AC3상+DC콤보,대구광역시 ,달서구 ,대구광역시 달서구 성서공단로 46-17대구테크노파크 신기술산업지원센터,24시간 이용가능,,,"('35.8328577650363', '128.488294179225')","(1089399.2280253505, 1760075.8278535765)"
대구환경공단,대구시_대명11동 행정복지센터,1,DC차데모+AC3상+DC콤보,대구광역시 ,남구 ,대구광역시 남구 관문시장4길 53대명11동 행정복지센터,24시간 이용가능,,,"('35.8362413454586', '128.560635816332')","(1095902.7959716062, 1760454.093356679)"
대구환경공단,대구시_대명2동 행정복지센터,1,DC차데모+AC3상+DC콤보,대구광역시 ,남구 ,대구광역시 남구 명덕로32길 30,24시간 이용가능,,,"('35.8552853883787', '128.586241475204')","(1098204.7640904137, 1762583.1116087039)"
대구환경공단,대구시_대명3동 행정복지센터,1,DC차데모+AC3상+DC콤보,대구광역시 ,남구 ,대구광역시 남구 명덕로20길 115,24시간 이용가능,,,"('35.8523008344331', '128.579056125397')","(1097558.795702688, 1762249.4550500107)"
대구환경공단,대구시_대명4동 행정복지센터,1,DC차데모+AC3상+DC콤보,대구광역시 ,남구 ,대구광역시 남구 두류공원로20길 19,24시간 이용가능,,,"('35.8459697643027', '128.569508176117')","(1096700.4278336018, 1761541.6765641593)"
대구환경공단,대구시_대봉2동 주민센터,1,DC차데모+AC3상+DC콤보,대구광역시 ,중구 ,대구광역시 중구 대봉로47길 31대봉2동 주민센터,24시간 이용가능,,,"('35.8587591941347', '128.599366066728')","(1099384.6748051387, 1762971.4638031172)"
대구환경공단,대구시_대신동 행정복지센터,1,DC차데모+AC3상+DC콤보,대구광역시 ,중구 ,대구광역시 중구 달구벌대로389길 50,24시간 이용가능,,,"('35.8655505903502', '128.576338158037')","(1097314.4483792342, 1763730.7041892163)"
대구환경공단,대구시_대현동 행정복지센터,1,DC차데모+AC3상+DC콤보,대구광역시 ,북구 ,대구광역시 북구 대현남로5길 18대현동 행정복지센터,24시간 이용가능,,,"('35.8825226229351', '128.606074791398')","(1099987.79423219, 1765628.0831910814)"
대구환경공단,대구시_도평동 공영주차장,1,DC차데모+AC3상+DC콤보,대구광역시 ,동구 ,대구광역시 동구 팔공로24길 71(도동 3-22),24시간 이용가능,,,"('35.909646900275', '128.641627627433')","(1103184.0211090266, 1768660.4267838753)"
대구환경공단,대구시_두류3동,1,DC차데모+AC3상+DC콤보,대구광역시 ,달서구 ,대구광역시 달서구 야외음악당로39길 24대구시_두류3동,09:00~18:00,,,"('35.8537053598211', '128.55547533284')","(1095438.8645986384, 1762406.4731894375)"
대구환경공단,대구시_명성푸르지오,1,DC차데모+AC3상+DC콤보,대구광역시 ,북구 ,대구광역시 북구 침산로 153,24시간 이용가능,,,"('35.8890265531963', '128.589744306502')","(1098519.6712761228, 1766355.186479711)"
대구환경공단,대구시_범물1동,1,DC차데모+AC3상+DC콤보,대구광역시 ,수성구 ,대구광역시 수성구 범안로 76대구시_범물1동,09:00~18:00,,,"('35.8177503019386', '128.64597351835')","(1103574.7199927676, 1758386.8973669277)"
대구환경공단,대구시_범어1동,1,DC차데모+AC3상+DC콤보,대구광역시 ,수성구 ,대구광역시 수성구 범어천로 97대구시_범어1동,09:00~18:00,,,"('35.8555318317638', '128.622048397121')","(1101423.8334804128, 1762610.6626107246)"
대구환경공단,대구시_봉덕3동 행정복지센터,1,DC차데모+AC3상+DC콤보,대구광역시 ,남구 ,대구광역시 남구 중앙대로22길 100,24시간 이용가능,,,"('35.8424185973702', '128.595940391709')","(1099076.704027329, 1761144.675819779)"
대구환경공단,대구시_산격1동,1,DC차데모+AC3상+DC콤보,대구광역시 ,북구 ,대구광역시 북구 연암로36길 6대구시_산격1동,09:00~18:00,,,"('35.900391609817', '128.596890463386')","(1099162.1161903953, 1767625.736702806)"
대구환경공단,대구시_삼덕동,1,AC완속,대구광역시 ,중구 ,대구광역시 중구 달구벌대로447길 72-11대구시_삼덕동,09:00~18:00,,,"('35.8655246235437', '128.608940100585')","(1100245.3876974462, 1763727.8012444358)"
대구환경공단,대구시_상리공원,1,DC차데모+AC3상+DC콤보,대구광역시 ,서구 ,대구광역시 서구 평리로17길 45대구 서구 중리동 산 198-3 대구시_상리공원,09:00~18:00,,,"('35.8627932442222', '128.533160835787')","(1093432.7744191189, 1763422.4482029064)"
대구환경공단,대구시_상인3동,1,DC차데모+AC3상+DC콤보,대구광역시 ,달서구 ,대구광역시 달서구 상인로 25대구시_상인3동,09:00~18:00,,,"('35.8100665430009', '128.550202283753')","(1094964.813493458, 1757527.8957835366)"
대구환경공단,대구시_상호림공원,1,DC차데모+AC3상+DC콤보,대구광역시 ,달서구 ,대구광역시 달서구 달서대로91길 115상호림공원,24시간 이용가능,,,"('35.8386468629404', '128.479140247097')","(1088576.2825965413, 1760723.0168539532)"
대구환경공단,대구시_성당두산위브,1,DC차데모+AC3상+DC콤보,대구광역시 ,달서구 ,대구광역시 달서구 당산로 82,24시간 이용가능,,,"('35.8448963780465', '128.546138174596')","(1094599.4470032784, 1761421.6779409407)"
대구환경공단,대구시_송현2동 행정복지센터,1,DC차데모+AC3상+DC콤보,대구광역시 ,달서구 ,대구광역시 달서구 월배로83길 120-14,24시간 이용가능,,,"('35.8327877854342', '128.545582253105')","(1094549.469240347, 1760068.0045226393)"
대구환경공단,대구시_수성의료지구,1,DC차데모+AC3상+DC콤보,대구광역시 ,수성구 ,대구광역시 수성구,24시간 이용가능,,,"('35.8581745018633', '128.630635463648')","(1102195.8172625143, 1762906.0984538137)"
대구환경공단,대구시_신당동,1,DC차데모+AC3상+DC콤보,대구광역시 ,달서구 ,대구광역시 달서구 선원로 60대구시_신당동,09:00~18:00,,,"('35.8589684402638', '128.498832715892')","(1090346.6504505114, 1762994.8563584634)"
대구환경공단,대구시_신매공원,1,DC차데모+AC3상+DC콤보,대구광역시 ,수성구 ,대구광역시 수성구 달구벌대로652길 65대구광역시 수성구 신매동 290-1,09:00~18:00,,,"('35.8323295322088', '128.709755052843')","(1109308.728233115, 1760016.7743565969)"
대구환경공단,대구시_운암지 공영주차장,1,DC차데모+AC3상+DC콤보,대구광역시 ,북구 ,대구광역시 북구 구암로 217운암지 공영주차장,24시간 이용가능,,,"('35.9319357043063', '128.564457843276')","(1096246.3990875531, 1771152.1913108483)"
대구환경공단,대구시_월촌공원주차장,1,DC차데모+AC3상+DC콤보,대구광역시 ,달서구 ,대구광역시 달서구 상인로 68-4월촌공원주차장,24시간 이용가능,,,"('35.8127833508512', '128.548951259896')","(1094852.3455015547, 1757831.6198154977)"
대구환경공단,대구시_장기공영주차장,1,DC차데모+AC3상+DC콤보,대구광역시 ,달서구 ,대구광역시 달서구 장기로 277장기공영주차장,24시간 이용가능,,,"('35.8433494739044', '128.52997479734')","(1093146.347150564, 1761248.7426473957)"
대구환경공단,대구시_저소득층 밀집지구 지식산업센터,1,DC차데모+AC3상+DC콤보,대구광역시 ,수성구 ,대구광역시 수성구 알파시티1로 160저소득층 밀집지구 지식산업센터,24시간 이용가능,,,"('35.8353190865256', '128.682449480001')","(1106853.936561387, 1760350.9899290248)"
대구환경공단,대구시_지능형자동차부품진흥원,1,DC차데모+AC3상+DC콤보,대구광역시 ,달성군 ,대구광역시 달성군 구지면 국가산단서로 201,24시간 이용가능,,,"('35.6470856002017', '128.400600453895')","(1081515.4957246804, 1739307.5313678687)"
대구환경공단,대구시_지산2동,1,DC차데모+AC3상+DC콤보,대구광역시 ,수성구 ,대구광역시 수성구 용학로33길 9대구시_지산2동,09:00~18:00,,,"('35.8231278937731', '128.628018545552')","(1101960.5543443994, 1758988.0822737052)"
대구환경공단,대구시_지저동,1,DC차데모+AC3상+DC콤보,대구광역시 ,동구 ,대구광역시 동구 해동로3길 80대구시_지저동,09:00~18:00,,,"('35.8933922001199', '128.638281822805')","(1102883.2307398387, 1766843.2415645071)"
대구환경공단,대구시_진천삼성래미안,1,DC차데모+AC3상+DC콤보,대구광역시 ,달서구 ,대구광역시 달서구 상화로8길 23,24시간 이용가능,,,"('35.8076240416081', '128.517686281918')","(1092041.6003104092, 1757254.837690374)"
대구환경공단,대구시_칠성동,1,DC차데모+AC3상+DC콤보,대구광역시 ,북구 ,대구광역시 북구 칠성로19길 4대구시_칠성동,09:00~18:00,,,"('35.8792240825644', '128.600019842249')","(1099443.4497194535, 1765259.3246935436)"
대구환경공단,대구시_침산푸르지오,1,DC차데모+AC3상+DC콤보,대구광역시 ,북구 ,대구광역시 북구 옥산로 103,24시간 이용가능,,,"('35.8845412091585', '128.58659658706')","(1098236.6889151265, 1765853.749922192)"
대구환경공단,대구시_태전2동,1,DC차데모+AC3상+DC콤보,대구광역시 ,북구 ,대구광역시 북구 칠곡중앙대로52길 32대구시_태전2동,09:00~18:00,,,"('35.9214932489939', '128.548764112926')","(1094835.5208472607, 1769984.782791064)"
대구환경공단,대구시_한국도로공사(유천IC),1,DC차데모+AC3상+DC콤보,대구광역시 ,달성군 ,대구광역시 달성군 화원읍 성천로 208한국도로공사(유천IC),24시간 이용가능,,,"('35.8108566793231', '128.502351704282')","(1090663.010171022, 1757616.2286369447)"
대구환경공단,대구시_효목2동,1,DC차데모+AC3상+DC콤보,대구광역시 ,동구 ,대구광역시 동구 화랑로25길 45대구시_효목2동,09:00~18:00,,,"('35.8781605563578', '128.641240971753')","(1103149.260470656, 1765140.4283691202)"
대구환경공단,대구시민운동장,1,DC콤보,대구광역시 ,북구 ,대구광역시 북구 고성로 191대구시민운동장(고성동3가 2),24시간 이용가능,,,"('35.883019345454', '128.586154300416')","(1098196.927010974, 1765683.6140105284)"
대구환경공단,대구은행 본리동지점,1,DC차데모+AC3상+DC콤보,대구광역시 ,달서구 ,대구광역시 달서구 구마로180 (주차장 입구 우측),24시간 이용가능,,,"('35.8369031361309', '128.547412875393')","(1094714.0435700144, 1760528.0778790964)"
대구환경공단,대구은행 시지지점,1,DC차데모+AC3상+DC콤보,대구광역시 ,수성구 ,대구광역시 수성구 달구벌대로3196 (주차장 입구),24시간 이용가능,,,"('35.8401343543961', '128.70616485053')","(1108985.9663270097, 1760889.310139061)"
대구환경공단,대구은행 제2본점영업부,1,DC차데모+AC3상+DC콤보,대구광역시 ,북구 ,대구광역시 북구 옥산로111 (지하 1층),24시간 이용가능,,,"('35.8844530812501', '128.588218752496')","(1098382.5228159756, 1765843.8977113836)"
대구환경공단,대구은행 파동지점,1,DC차데모+AC3상+DC콤보,대구광역시 ,수성구 ,대구광역시 수성구 수성로5 (입구 좌측),24시간 이용가능,,,"('35.8259864765379', '128.60987433848')","(1100329.3763915265, 1759307.6559538697)"
대구환경공단,대구의료원,1,DC차데모+AC3상+DC콤보,대구광역시 ,서구 ,대구광역시 서구 평리로 157(서구 중리동 1162),24시간,,,"('35.8593302246006', '128.541608551453')","(1094192.2304533161, 1763035.3018384262)"
대구환경공단,대구지식서비스센터,1,AC완속,대구광역시 ,동구 ,대구광역시 동구 동대구로 481건물앞 도로변,24시간 이용가능,,,"('35.873248327117', '128.624802152695')","(1101671.3981914015, 1764591.2684162846)"
대구환경공단,대구체육관 주차장,1,DC차데모+AC3상+DC콤보,대구광역시 ,북구 ,대구광역시 북구 대구체육관로39 (주차장 입구 자율방범대 건물앞),24시간 이용가능,,,"('35.8937540995962', '128.603010144608')","(1099712.280165505, 1766883.6999164275)"
대구환경공단,대구환경공단(달서천),1,DC차데모+AC3상+DC콤보,대구광역시 ,서구 ,대구광역시 서구 염색공단로 130 (입구 좌측)(서구 비산동 3016 (입구 좌측)),24시간 이용가능,, ,"('35.8716675785129', '128.559154246786')","(1095769.6017477144, 1764414.5494998177)"
대구환경공단,대구환경공단(본부),1,DC차데모+AC3상+DC콤보,대구광역시 ,달서구 ,대구광역시 달서구 달서대로210 (입구 좌측)(달서구 대천동 770 (입구 좌측)),24시간 이용가능,, ,"('35.8205984652323', '128.496650615895')","(1090150.4780086975, 1758705.3062080794)"
대구환경공단,대구환경공단(지산)-두산동 행정복지센터,1,DC차데모+AC3상+DC콤보,대구광역시 ,수성구 ,대구광역시 수성구 무학로 112 (입구 좌측)(수성구 두산동 499-4 (입구 좌측)),24시간 이용가능,, ,"('35.8293753573121', '128.620578204889')","(1101291.6620856633, 1759686.5140068834)"
대구환경공단,대덕승마장,1,DC차데모+AC3상+DC콤보,대구광역시 ,달서구 ,대구광역시 달서구 앞산순환로 206대덕승마장(송현동 694),24시간 이용가능,시설 상황에 따라 이용이 제한될 수 있음,,"('35.8219776696513', '128.553935252128')","(1095300.4101766264, 1758859.4936037725)"
대구환경공단,대명5동 행정복지센터,1,DC차데모+AC3상+DC콤보,대구광역시 ,남구 ,대구광역시 남구 대명로58길11 (건물 앞),24시간 이용가능,,,"('35.843233264808', '128.587803901525')","(1098345.2273995965, 1761235.7511156963)"
대구환경공단,대명9동행정복지센터,1,AC완속,대구광역시 ,남구 ,대구광역시 남구 큰골길 53대명9동행정복지센터(2680-7 대명9동주민센터),24시간 이용가능,시설 상황에 따라 이용이 제한될 수 있음,,"('35.8372536032388', '128.579037919411')","(1097557.1589707644, 1760567.25815571)"
대구환경공단,도원동행정복지센터,1,AC완속,대구광역시 ,달서구 ,대구광역시 달서구 한실로 53도원동행정복지센터(1429-5 도원동행정복지센터),24시간 이용가능,시설 상황에 따라 이용이 제한될 수 있음,,"('35.8074824851772', '128.532188993942')","(1093345.4051014653, 1757239.0124674237)"
대구환경공단,동구청,1,DC차데모+AC3상+DC콤보,대구광역시 ,동구 ,대구광역시 동구 아양로 207(동구 신암동 13150),24시간,,,"('35.8868105755475', '128.636075097087')","(1102684.844427064, 1766107.452483302)"
대구환경공단,동대구복합환승센터,1,DC차데모+AC3상+DC콤보,대구광역시 ,동구 ,대구광역시 동구 동부로 153별관2층(D15-18)(동구 신천동 329-19),24시간,,,"('35.8749237745493', '128.61226103042')","(1100543.941803912, 1764778.574135908)"
대구환경공단,동림플라자,1,DC차데모+AC3상+DC콤보,대구광역시 ,북구 ,대구광역시 북구 한강로8길 20동림플라자(금호동 802),24시간 이용가능,"마트(쇼핑몰) 이용자, 상가 입주자로 사용 제한",,"('35.8954768635782', '128.517555823829')","(1092029.8720294384, 1767076.295363571)"
대구환경공단,동인동행정복지센터,1,AC완속,대구광역시 ,중구 ,대구광역시 중구 국채보상로142길 19-5동인동행정복지센터(318-5 동인동주민센터),24시간 이용가능,시설 상황에 따라 이용이 제한될 수 있음,,"('35.8679043722422', '128.609127380318')","(1100262.2242872347, 1763993.8439348247)"
대구환경공단,동촌유원지 입구 주차장,1,DC차데모+AC3상+DC콤보,대구광역시 ,동구 ,대구광역시 동구 효목동1025 (입구 진입후 주차장 2시방향 끝부분),24시간 이용가능,,,"('35.8789004833216', '128.649842590866')","(1103922.5525412576, 1765223.1480950583)"
대구환경공단,두류12동행정복지센터,1,AC완속,대구광역시 ,달서구 ,"대구광역시 달서구 성당로51길 32두류1,2동행정복지센터(841-6 두류1,2동행정복지센터)",24시간 이용가능,시설 상황에 따라 이용이 제한될 수 있음,,"('35.8556907653747', '128.572199954913')","(1096942.4207853253, 1762628.430505908)"
대구환경공단,두류공원,1,AC완속,대구광역시 ,달서구 ,대구광역시 달서구 공원순환로 216(달서구 성당동 195-11),24시간,,,"('35.8445438360288', '128.561592946367')","(1095988.8426864026, 1761382.2657009326)"
대구환경공단,두산오거리,1,AC완속,대구광역시 ,수성구 ,대구광역시 수성구 두산동 954도로변,24시간,,,"('35.8398912096098', '128.61866345297')","(1101119.5244384734, 1760862.1279020705)"
대구환경공단,만촌2동행정복지센터,1,AC완속,대구광역시 ,수성구 ,대구광역시 수성구 무열로 12만촌2동행정복지센터(만촌2동 행정복지센터),24시간 이용가능,시설 상황에 따라 이용이 제한될 수 있음,,"('35.8598590850532', '128.647226303335')","(1103687.346311412, 1763094.4255004078)"
대구환경공단,만촌3동행정복지센터,1,AC완속,대구광역시 ,수성구 ,대구광역시 수성구 교학로2길 45만촌3동행정복지센터(만촌3동 행정복지센터),24시간 이용가능,시설 상황에 따라 이용이 제한될 수 있음,,"('35.8555073897405', '128.650568744125')","(1103987.8342690165, 1762607.93012824)"
대구환경공단,매천역환승공영주차장,1,AC완속,대구광역시 ,북구 ,대구광역시 북구 태전동 ,24시간,,,"('35.9240998152356', '128.543249823001')","(1094339.7820080973, 1770276.182423326)"
대구환경공단,명복공원 주차장,1,DC차데모+AC3상+DC콤보,대구광역시 ,수성구 ,대구광역시 수성구 달구벌대로 541길 47 (입구 진입후 죄회전 식당 주차장),24시간 이용가능,,,"('35.8578117016713', '128.659240767436')","(1104767.4557303216, 1762865.5394068798)"
대구환경공단,문양역 야외주차장,1,DC차데모+AC3상+DC콤보,대구광역시 ,달성군 ,대구광역시 달성군 다사읍 문양리 470 (입구 좌측)(다사읍 문양리 470 (입구 좌측)),24시간 이용가능,, ,"('35.8636417551148', '128.438062094061')","(1084883.3255380604, 1763517.307009146)"
대구환경공단,반야월공영주차장,1,DC차데모+AC3상+DC콤보,대구광역시 ,동구 ,대구광역시 동구 신기동 174  (입구 우측),24시간 이용가능,,"충전 1시간 무료, 주차요금 60%감면","('35.872373949757', '128.701948164106')","(1108606.8830250106, 1764493.5178826188)"
대구환경공단,복현2동행정복지센터,1,AC완속,대구광역시 ,북구 ,대구광역시 북구 복현로8길 16-5복현2동행정복지센터(복현2동 행정복지센터),24시간 이용가능,시설 상황에 따라 이용이 제한될 수 있음,,"('35.8953628325238', '128.625489605042')","(1101733.200677871, 1767063.5473248726)"
대구환경공단,복현장미공원,1,DC차데모+AC3상+DC콤보,대구광역시 ,북구 ,대구광역시 북구 경진로남1길 40(1층 주차장 진입 후 우측)(북구 복현동  439-1(1층 주차장 진입 후 우측)),24시간 이용가능,,"충전 1시간 무료, 주차요금 60%감면","('35.8933675729543', '128.617312262587')","(1100998.0514000473, 1766840.4883841411)"
대구환경공단,본동행정복지센터,1,AC완속,대구광역시 ,달서구 ,대구광역시 달서구 구마로26길 62본동행정복지센터(867-3 본동행정복지센터),24시간 이용가능,시설 상황에 따라 이용이 제한될 수 있음,,"('35.8344407802131', '128.541042383177')","(1094141.3314966531, 1760252.8001602856)"
대구환경공단,봉덕2동행정복지센터,1,AC완속,대구광역시 ,남구 ,대구광역시 남구 이천로10길 50봉덕2동행정복지센터(540-1 봉덕2동주민센터),24시간 이용가능,시설 상황에 따라 이용이 제한될 수 있음,,"('35.8438284757567', '128.601112176994')","(1099541.6514400437, 1761302.2923947151)"
대구환경공단,북구청,1,DC차데모+AC3상+DC콤보,대구광역시 ,북구 ,대구광역시 북구 옥산로 65(북구 침산3동 447-16),24시간,,,"('35.8856842974977', '128.58278016173')","(1097893.5893885184, 1765981.5408512526)"
대구환경공단,불로봉무동행정복지센터,1,AC완속,대구광역시 ,동구 ,대구광역시 동구 팔공로25길 16불로봉무동행정복지센터(434 불로봉무동행정복지센터),24시간 이용가능,시설 상황에 따라 이용이 제한될 수 있음,,"('35.9103826912387', '128.639285315038')","(1102973.4454513357, 1768742.684127968)"
대구환경공단,비산1동행정복지센터,1,AC완속,대구광역시 ,서구 ,대구광역시 서구 북비산로65길 18비산1동행정복지센터(비산1동 주민센터),24시간 이용가능,시설 상황에 따라 이용이 제한될 수 있음,,"('35.8811708381801', '128.568969860749')","(1096652.0328744561, 1765476.961161569)"
대구환경공단,비산4동행정복지센터,1,AC완속,대구광역시 ,서구 ,대구광역시 서구 국채보상로78길 29-4비산4동행정복지센터(비산4동 주민센터),24시간 이용가능,시설 상황에 따라 이용이 제한될 수 있음,,"('35.8698399024218', '128.574054059902')","(1097109.1062275923, 1764210.2254614262)"
대구환경공단,비슬산자연휴양림공영주차장,1,DC차데모+AC3상+DC콤보,대구광역시 ,달성군 ,대구광역시 달성군 유가면 휴양림길236 (입구 좌측)(유가면 용리 15 (입구 좌측)),24시간 이용가능,,"충전 1시간 무료, 주차요금 60%감면","('35.6933423054273', '128.505800646317')","(1090973.0726711848, 1744478.7741610643)"
대구환경공단,산격2동행정복지센터,1,AC완속,대구광역시 ,북구 ,대구광역시 북구 동북로31길 30산격2동행정복지센터(산격2동 행정복지센터),24시간 이용가능,시설 상황에 따라 이용이 제한될 수 있음,,"('35.9017327781897', '128.609254354326')","(1100273.6393466864, 1767775.671879727)"
대구환경공단,상공회의소,1,DC차데모+AC3상+DC콤보,대구광역시 ,동구 ,대구광역시 동구 동대구로 457건물앞 도로변,24시간 이용가능,,,"('35.871074871034', '128.624968679645')","(1101686.369090286, 1764348.2880948216)"
대구환경공단,상동행정복지센터,1,AC완속,대구광역시 ,수성구 ,대구광역시 수성구 들안로9길 56상동행정복지센터(상동 행정복지센터),24시간 이용가능,시설 상황에 따라 이용이 제한될 수 있음,,"('35.8321267022918', '128.615461078377')","(1100831.6285380234, 1759994.099098136)"
대구환경공단,상인1동행정복지센터,1,AC완속,대구광역시 ,달서구 ,대구광역시 달서구 상인서로 40상인1동행정복지센터(1528 상인1동행정복지센터),24시간 이용가능,시설 상황에 따라 이용이 제한될 수 있음,,"('35.814264399839', '128.545009908346')","(1094498.0150131863, 1757997.1928684674)"
대구환경공단,상인2동행정복지센터,1,AC완속,대구광역시 ,달서구 ,대구광역시 달서구 상원로 27상인2동행정복지센터(1453-7 상인2동행정복지센터),24시간 이용가능,시설 상황에 따라 이용이 제한될 수 있음,,"('35.8125539781366', '128.536259469753')","(1093711.343958659, 1757805.9772196503)"
대구환경공단,상중이동행정복지센터,1,DC차데모+AC3상+DC콤보,대구광역시 ,서구 ,대구광역시 서구 중리동,24시간 이용가능,, ,"('35.8634813608976', '128.538482236892')","(1093911.1724073286, 1763499.3758262894)"
대구환경공단,서구국민체육센터,1,DC차데모+AC3상+DC콤보,대구광역시 ,서구 ,대구광역시 서구 문화로 72(서구 이현동 315-15),24시간,,,"('35.873411738652', '128.540987294766')","(1094136.3790067974, 1764609.5369185181)"
대구환경공단,서구청,1,DC차데모+AC3상+DC콤보,대구광역시 ,서구 ,대구광역시 서구 국채보상로 257(서구 평리동 1230-9),24시간,,,"('35.872322040814', '128.559289304857')","(1095781.7435705515, 1764487.7147510278)"
대구환경공단,서대구산업단지 근로자복지회관,1,DC차데모+AC3상+DC콤보,대구광역시 ,서구 ,대구광역시 서구 국채보상로 124서대구산업단지 근로자복지회관(중리동 1082-8),24시간 이용가능,시설 상황에 따라 이용이 제한될 수 있음,,"('35.8685111173041', '128.544746423118')","(1094474.3274917023, 1764061.6746636534)"
대구환경공단,서문주차빌딩(지상2층),1,DC차데모+AC3상+DC콤보,대구광역시 ,중구 ,"대구광역시 중구 큰장로26길 45, 지상2층(중구 대신동 115-378)",07:00~19:00,,,"('35.8689072112825', '128.580771841427')","(1097713.0398727667, 1764105.9557710348)"
대구환경공단,서부법원 앞,1,AC완속,대구광역시 ,달서구 ,대구광역시 달서구 용산동,24시간,,,"('35.8565964722084', '128.531153884197')","(1093252.3479517035, 1762729.6835007695)"
대구환경공단,성당동행정복지센터,1,AC완속,대구광역시 ,달서구 ,대구광역시 달서구 야외음악당로 38성당동행정복지센터(434-3 성당동행정복지센터),24시간 이용가능,시설 상황에 따라 이용이 제한될 수 있음,,"('35.8406140628515', '128.553148605562')","(1095229.6900547664, 1760942.938880683)"
대구환경공단,성서체육공원주차장,1,AC완속,대구광역시 ,달서구 ,대구광역시 달서구 성서공단로22길25(달서구 월암동 1-18),24시간,,,"('35.8324363528951', '128.495554487087')","(1090051.9351989718, 1760028.7163161784)"
대구환경공단,성서홈플러스,1,DC차데모+AC3상+DC콤보,대구광역시 ,달서구 ,"대구광역시 달서구 달구벌대로 1467, 지하3층(달서구 용산동 230-11)",24시간,,,"('35.8494536056911', '128.527405810027')","(1092915.393246128, 1761931.1506865497)"
대구환경공단,송현1동행정복지센터,1,AC완속,대구광역시 ,달서구 ,대구광역시 달서구 중흥로8길 41송현1동행정복지센터(1995 송현1동행정복지센터),24시간 이용가능,시설 상황에 따라 이용이 제한될 수 있음,,"('35.8292317974844', '128.554756358693')","(1095374.2282784837, 1759670.4648152948)"
대구환경공단,수성구청,1,DC차데모+AC3상+DC콤보,대구광역시 ,수성구 ,대구광역시 수성구 달구벌대로 2450(수성구 범어동 238-3),24시간,,,"('35.8582000811537', '128.630629788584')","(1102195.307069965, 1762908.958076445)"
대구환경공단,수성아트피아,1,DC차데모+AC3상+DC콤보,대구광역시 ,수성구 ,대구광역시 수성구 무학로 180수성아트피아(1137-3 수성아트피아),24시간 이용가능,공연장 공연 이용자로 제한,,"('35.8292832199372', '128.628273538106')","(1101983.4783680583, 1759676.2135599835)"
대구환경공단,시설안전관리사업소,1,DC차데모+AC3상+DC콤보,대구광역시 ,달서구 ,대구광역시 달서구 성서공단로 58(달서구 대천동 891),24시간,,,"('35.8324986656282', '128.490110881968')","(1089562.5509773854, 1760035.682533733)"
대구환경공단,시지근린공원,1,AC완속,대구광역시 ,수성구 ,대구광역시 수성구 달구벌대로 637길5(수성구 매호동 1330-2),24시간,,,"('35.8413617515532', '128.706040295431')","(1108974.7687293075, 1761026.526325819)"
대구환경공단,시청별관,1,DC차데모+AC3상+DC콤보,대구광역시 ,북구 ,대구광역시 북구 연암로 60(북구 산격동 994-1),24시간,,,"('35.8911601926589', '128.597091303062')","(1099180.1718293258, 1766593.7155241042)"
대구환경공단,신매공영주차장,1,DC차데모+AC3상+DC콤보,대구광역시 ,수성구 ,대구광역시 수성구 신매동170-1 (입구 우회전 후 끝부분),10:00~21:00,,"충전 1시간 무료, 주차요금 60%감면","('35.8367137654733', '128.712680976703')","(1109571.771003366, 1760506.9072911008)"
대구환경공단,신암공원,1,DC차데모+AC3상+DC콤보,대구광역시 ,동구 ,대구광역시 동구 신암북로11길 6신암공원(676-1 금오아파트),24시간 이용가능,시설 상황에 따라 이용이 제한될 수 있음,,"('35.8876800709245', '128.622614127107')","(1101474.6930344717, 1766204.6572383773)"
대구환경공단,아양아트센터,1,DC차데모+AC3상+DC콤보,대구광역시 ,동구 ,대구광역시 동구 효동로2길 24아양아트센터(1084 아양아트센터),24시간 이용가능,공연장 공연 이용자로 제한,,"('35.8795636763094', '128.651936681171')","(1104110.8128451274, 1765297.2893885623)"
대구환경공단,아이빌,1,DC차데모+AC3상+DC콤보,대구광역시 ,북구 ,대구광역시 북구 3공단로240(두산머신툴 우측 골목진입 아이빌 우측 뒤편 지상주차장),24시간 이용가능,,,"('35.9020577326962', '128.576934230638')","(1097368.035757353, 1767811.9999891692)"
대구환경공단,아주운수,1,DC차데모+AC3상+DC콤보,대구광역시 ,동구 ,대구광역시 동구 공항로 255주 출입구 우측,24시간 이용가능,,,"('35.8961271300272', '128.641014461601')","(1103128.8970364986, 1767148.9915418148)"
대구환경공단,어린이회관,1,AC완속,대구광역시 ,수성구 ,대구광역시 수성구 동대구로 176(수성구 황금동 626),24시간,,,"('35.8466354674202', '128.62779305416')","(1101940.2824975373, 1761616.0984762255)"
대구환경공단,올브랜 주차장,1,AC완속,대구광역시 ,북구 ,대구광역시 북구 산격동 1671입구우측,24시간,,,"('35.9056504361991', '128.611842932429')","(1100506.354477976, 1768213.6442914787)"
대구환경공단,외환들공영주차장,1,AC완속,대구광역시 ,수성구 ,대구광역시 수성구 미술관로40(수성구 삼덕동 374),24시간,,,"('35.827028624816', '128.674340825269')","(1106124.962361865, 1759424.1623445929)"
대구환경공단,용산1동행정복지센터,1,AC완속,대구광역시 ,달서구 ,대구광역시 달서구 용산로 212-7용산1동행정복지센터(934-6 용산1동행정복지센터),24시간 이용가능,시설 상황에 따라 이용이 제한될 수 있음,,"('35.856529094383', '128.53096075091')","(1093234.9851229785, 1762722.1510340204)"
대구환경공단,용산2동 행정복지센터,1,DC차데모+AC3상+DC콤보,대구광역시 ,달서구 ,대구광역시 달서구 선원로278 (입구 정면),24시간 이용가능,,,"('35.8584315234925', '128.522992220453')","(1092518.6082018674, 1762934.832044786)"
대구환경공단,월광수변공원주차장,1,DC차데모+AC3상+DC콤보,대구광역시 ,달서구 ,대구광역시 달서구 도원동 928 (입구 좌측),24시간 이용가능,, ,"('35.7989909238167', '128.54888994566')","(1094846.833305316, 1756289.703058674)"
대구환경공단,월성1동행정복지센터,1,AC완속,대구광역시 ,달서구 ,대구광역시 달서구 조암남로 97월성1동행정복지센터(1396-3 월성1동행정복지센터),24시간 이용가능,시설 상황에 따라 이용이 제한될 수 있음,,"('35.8195148624172', '128.52283690179')","(1092504.6449364692, 1758584.165430306)"
대구환경공단,월성2동행정복지센터,1,AC완속,대구광역시 ,달서구 ,대구광역시 달서구 월성로 65월성2동행정복지센터(86-3 월성2동행정복지센터),24시간 이용가능,시설 상황에 따라 이용이 제한될 수 있음,,"('35.8309501939992', '128.528275188459')","(1092993.5510253757, 1759862.5720038568)"
대구환경공단,유니버시아드 레포츠센터,1,DC차데모+AC3상+DC콤보,대구광역시 ,북구 ,대구광역시 북구 호국로57길6 (유니버시아드 센터 주차장),24시간 이용가능,,,"('35.9279990847701', '128.597947875632')","(1099257.1783518859, 1770712.0991056894)"
대구환경공단,율하체육공원3주차장,1,DC차데모+AC3상+DC콤보,대구광역시 ,동구 ,대구광역시 동구 금호강변로278(동구 율하동 1626),24시간,,,"('35.8599253741795', '128.692837900087')","(1107787.8633922609, 1763101.836256642)"
대구환경공단,이천동행정복지센터,1,AC완속,대구광역시 ,남구 ,대구광역시 남구 이천로28길 18이천동행정복지센터(이천동 주민센터),24시간 이용가능,시설 상황에 따라 이용이 제한될 수 있음,,"('35.8536827965429', '128.59941883013')","(1099389.4182749246, 1762403.9507402226)"
대구환경공단,중동행정복지센터,1,AC완속,대구광역시 ,수성구 ,대구광역시 수성구 수성로50길 38중동행정복지센터(중동 행정복지센터),24시간 이용가능,시설 상황에 따라 이용이 제한될 수 있음,,"('35.8473462626043', '128.615089178726')","(1100798.194477832, 1761695.5614309534)"
대구환경공단,지산1동행정복지센터,1,AC완속,대구광역시 ,수성구 ,대구광역시 수성구 지범로21길 16지산1동행정복지센터(지산1동 행정복지센터),24시간 이용가능,시설 상황에 따라 이용이 제한될 수 있음,,"('35.8249145967166', '128.637006156492')","(1102768.5473724839, 1759187.8257417087)"
대구환경공단,지산근린공원 주차장,1,DC차데모+AC3상+DC콤보,대구광역시 ,수성구 ,대구광역시 수성구 용학로267 (지하 출구측),08:00~23:00,,"충전 1시간 무료, 주차요금 60%감면","('35.8209330762428', '128.6376144807')","(1102823.2361793497, 1758742.7138610487)"
대구환경공단,진천동 행정복지센터,1,DC차데모+AC3상+DC콤보,대구광역시 ,달서구 ,대구광역시 달서구 진천동626-31 (주차장 입구 우측편),24시간 이용가능,,,"('35.8120421988781', '128.522685329261')","(1092491.0184513575, 1757748.7631403229)"
대구환경공단,차량등록사업소 서부분소,1,DC차데모+AC3상+DC콤보,대구광역시 ,달서구 ,대구광역시 달서구 성서로400 (입구 좌측),24시간 이용가능,,,"('35.8533036888422', '128.507861535787')","(1091158.34819485, 1762361.5686043678)"
대구환경공단,첨단의료산업진흥재단,1,DC차데모+AC3상+DC콤보,대구광역시 ,동구 ,대구광역시 동구 첨복로 80(동구 동내동 1115-1),24시간,,,"('35.88012855596', '128.736213469514')","(1111687.3599236822, 1765360.4397968745)"
대구환경공단,충전인프라 관제센터,1,DC차데모+AC3상+DC콤보,대구광역시 ,서구 ,대구광역시 서구 상리동 ,24시간,,,"('35.8804514546528', '128.526364362555')","(1092821.766329908, 1765396.53807776)"
대구환경공단,충혼탑 주차장,1,DC차데모+AC3상+DC콤보,대구광역시 ,남구 ,대구광역시 남구 앞산순화로 540(남구 대명9동 산186),24시간,,,"('35.8460409913891', '128.597678619113')","(1099232.9719869713, 1761549.6393569142)"
대구환경공단,파계사 공영주차장,1,DC차데모+AC3상+DC콤보,대구광역시 ,동구 ,대구광역시 동구 파계로 686686 (입구 좌측 음수대 앞),24시간 이용가능,,,"('35.9908985011938', '128.637156860315')","(1102782.0957602714, 1777743.904598339)"
대구환경공단,파동교네거리주차장,1,DC차데모+AC3상+DC콤보,대구광역시 ,수성구 ,대구광역시 수성구 파동로 174 (입구 우측)(수성구 파동 274 (입구 우측)),24시간 이용가능,, ,"('35.8065374321273', '128.622207165085')","(1101438.1068405802, 1757133.3607840703)"
대구환경공단,패션센터 주차장,1,DC차데모+AC3상+DC콤보,대구광역시 ,북구 ,대구광역시 북구 유통단지로 14길 17(북구 산격동 1670),24시간,,,"('35.9061796792711', '128.611741795621')","(1100497.2622023644, 1768272.8107281835)"
대구환경공단,평리1동행정복지센터,1,AC완속,대구광역시 ,서구 ,대구광역시 서구 문화로 280평리1동행정복지센터(평리1동 주민센터),24시간 이용가능,시설 상황에 따라 이용이 제한될 수 있음,,"('35.8755979533562', '128.563263464966')","(1096139.0235732147, 1764853.9435829858)"
대구환경공단,평리3동행정복지센터,1,AC완속,대구광역시 ,서구 ,대구광역시 서구 문화로 261평리3동행정복지센터(평리3동 주민센터),24시간 이용가능,시설 상황에 따라 이용이 제한될 수 있음,,"('35.8759547557349', '128.561300045802')","(1095962.5107038522, 1764893.8321076974)"
대구환경공단,한국도로공사 칠곡영업소,1,DC차데모+AC3상+DC콤보,대구광역시 ,북구 ,대구광역시 북구 관음로41 (건물 앞 주차장 우측 끝),24시간 이용가능,,,"('35.9345067513961', '128.539340469783')","(1093988.3281940038, 1771439.620099156)"
대구환경공단,한국산업단지 달성출장소,1,DC차데모+AC3상+DC콤보,대구광역시 ,달성군 ,대구광역시 달성군 구지면 달성2차동1로109 (입구 좌측)(구지면 내리 840-3 (입구 좌측)),24시간 이용가능,, ,"('35.6409422631147', '128.419423224106')","(1083207.6770174932, 1738620.7403938388)"
대구환경공단,해안동 행정복지센터,1,DC차데모+AC3상+DC콤보,대구광역시 ,동구 ,대구광역시 동구 방촌로29길 4646 (입구 우측),24시간 이용가능,,,"('35.8820839497612', '128.671675061242')","(1105885.30815757, 1765579.041966074)"
대구환경공단,현풍읍행정복지센터,1,AC완속,대구광역시 ,달성군 ,대구광역시 달성군 현풍읍 비슬로134길 157현풍읍행정복지센터(352-2 현풍읍사무소),24시간 이용가능,시설 상황에 따라 이용이 제한될 수 있음,,"('35.697251800225', '128.447573105317')","(1085738.3726508243, 1744915.833971075)"
대구환경공단,화원읍행정복지센터,1,AC완속,대구광역시 ,달성군 ,대구광역시 달성군 화원읍 비슬로 2594화원읍행정복지센터(426-1 화원읍사무소),24시간 이용가능,시설 상황에 따라 이용이 제한될 수 있음,,"('35.804233070357', '128.500718352153')","(1090516.1705780027, 1756875.7459336512)"
대구환경공단,환경공단안심하수처리장,1,DC차데모+AC3상+DC콤보,대구광역시 ,동구 ,대구광역시 동구 금호강변로 91(동구 용계동 828-2),24시간,,,"('35.8678630774913', '128.680909824772')","(1106715.5203906158, 1763989.2274109726)"
